,Detaillierter Migrationshintergrund,Bevölkerung in Privathaushalten insgesamt,Personen ohne Migrationshintergrund,Personen mit Migrationshintergrund im weiteren Sinn,Prozentual (ohne Migrationshintergrund),Prozentual (mit Migrationshintergrund)
Insgesamt,Insgesamt,40482.0,29627.0,10855.0,73.18561335902376,26.814386640976235
Noch in Ausbildung,Noch in Ausbildung,6992.0,4229.0,2763.0,14.27414183008742,25.45370796867803
Ohne Schulabschluss,Ohne Schulabschluss,1394.0,415.0,979.0,1.4007493165018396,9.018885306310457
Mit Schulabschluss,Mit Schulabschluss,32038.0,24953.0,7085.0,84.22384986667566,65.26946107784431
Hauptschule_Abschluss,Hauptschule_Abschluss,10105.0,7761.0,2344.0,22.063026928655272,14.094114856422577
Realschule_Abschluss,Realschule_Abschluss,7488.0,5738.0,1750.0,16.31202789803169,10.522483361236992
Fachhochschulreife,Fachhochschulreife,3298.0,2664.0,634.0,7.573238466426705,3.8121454005852873
Abitur,Abitur,8889.0,6607.0,2282.0,18.782427382763228,13.721318303053037
