,Detaillierter Migrationshintergrund,Bevölkerung in Privathaushalten insgesamt,Personen ohne Migrationshintergrund,Personen mit Migrationshintergrund im weiteren Sinn,Prozentual (ohne Migrationshintergrund),Prozentual (mit Migrationshintergrund)
Insgesamt,Insgesamt,41366.0,30975.0,10391.0,74.88033650824349,25.119663491756516
Noch in Ausbildung,Noch in Ausbildung,6690.0,4099.0,2591.0,13.23325262308313,24.935039938408238
Ohne Schulabschluss,Ohne Schulabschluss,1462.0,410.0,1051.0,1.3236481033091203,10.114522182658071
Mit Schulabschluss,Mit Schulabschluss,33148.0,26429.0,6720.0,85.32364810330913,64.67135020690982
Hauptschule_Abschluss,Hauptschule_Abschluss,10097.0,8286.0,1811.0,22.824592354609184,11.271274682389922
Realschule_Abschluss,Realschule_Abschluss,9147.0,7342.0,1805.0,20.224252602889283,11.233931972232915
Fachhochschulreife,Fachhochschulreife,2452.0,1890.0,561.0,5.206188697829032,3.4915433996801473
Abitur,Abitur,9018.0,6545.0,2473.0,18.02883863877831,15.391420369713021
